{
  "tomes": [
    {
      "name": "Earth Tome",
      "description": "A Novice Friendly Tome For Minor Manipulation of Dirt and Stone. Note: Popular Amongst Fourth-Class Academy Scholars",
      "image": "../images/EarthTome.jpg",
      "price": 299.99
    },
    {
      "name": "Fire Tome",
      "description": "An Advanced Beginner's Perfect Tome For Flame Manipulation. Note: A Go To Tome For Mana Control Classes. Exceptionally High Skill Curve.",
      "image": "../images/FireTome.jpg",
      "price": 399.99
    },
    {
      "name": "Holy Tome",
      "description": "A Competent Wizard's Go To Start On Deity Essence Extraction. Note: A Go To Tome For Protection And Rejuvenation Classes.",
      "image": "../images/HolyTome.jpg",
      "price": 300.99
    },
    {
      "name": "Void Tome",
      "description": "An Expert Archmage's First Textbook Over Astral Mana Starbinding and Manipulation. Note: Often Referenced and Studied By Academy Professors and Deans.",
      "image": "../images/VoidTome.jpg",
      "price": 699.99
    },
    {
      "name": "Dark Tome",
      "description": "An Unpredictable Tome For All Mages, But The Natural Next Step For Post-Grad WarPagers. Note: Hazardous And Potentially Fatal.",
      "image": "../images/DarkTome.jpg",
      "price": 999.99
    },
    {
      "name": "Summoning Tome",
      "description": "The Only Commercially Available Soulbinder For Freepagers! Note: Please Provide An Archcouncil Writ Signed In The Last 30 Days To Purchase.",
      "image": "../images/VoidTome.jpg",
      "price": 999.99
    }
  ]
}
